Experience Years,Salary
-1.8081005307429725,43525
-0.5598686922605144,57189
-0.4130178877331666,63218
-0.3395924854694925,55794
-0.3395924854694925,56957
1.0554901575403137,81363
1.1289155598039875,93940
1.2757663643313357,91000
